{
	"format_version": "1.8.0",
	"animations": {
		"animation.bastion_horde_chief.shoot_attack": {
			"animation_length": 1.16667,
			"bones": {
				"face": {
					"rotation": {
						"0.0": {
							"vector": [5.26557, -9.65519, -0.67129]
						},
						"0.1667": {
							"vector": [-42.5, 0, 0]
						},
						"0.5833": {
							"vector": [-50, 0, 0]
						}
					},
					"position": {
						"0.0": {
							"vector": [0, 0, 2]
						},
						"0.1667": {
							"vector": [0, 9, 6]
						}
					},
					"scale": {
						"vector": [1.2, 1.2, 1.2]
					}
				},
				"body": {
					"rotation": {
						"0.0": {
							"vector": [-20.33875, 27.07585, 6.33377]
						},
						"0.1667": {
							"vector": [45, 0, 0]
						},
						"0.5": {
							"vector": [45, 0, 0]
						},
						"0.5833": {
							"vector": [35, 0, 0]
						},
						"0.625": {
							"vector": [45, 0, 0]
						},
						"0.8333": {
							"vector": [45, 0, 0]
						}
					},
					"position": {
						"0.0": {
							"vector": [4, 0, 1]
						},
						"0.1667": {
							"vector": [0, 0, -18]
						},
						"0.5": {
							"vector": [0, 0, -18]
						},
						"0.5833": {
							"vector": [0, 1, -16]
						},
						"0.625": {
							"vector": [0, 0, -18]
						},
						"0.8333": {
							"vector": [0, 0, -18]
						}
					}
				},
				"SKIRT3": {
					"rotation": {
						"0.6667": {
							"vector": [0, 0, 0]
						},
						"0.75": {
							"vector": [-10, 0, 0]
						},
						"0.8333": {
							"vector": [0, 0, 0]
						}
					}
				},
				"SKIRT2": {
					"rotation": {
						"0.5833": {
							"vector": [0, 0, 0]
						},
						"0.6667": {
							"vector": [15, 0, 0]
						},
						"0.75": {
							"vector": [0, 0, 0]
						}
					}
				},
				"SKIRT": {
					"rotation": {
						"0.5833": {
							"vector": [0, 0, 0]
						},
						"0.6667": {
							"vector": [0, 0, 7.5]
						},
						"0.75": {
							"vector": [0, 0, 0]
						}
					}
				},
				"SKIRT4": {
					"rotation": {
						"0.5": {
							"vector": [0, 0, 0]
						},
						"0.5833": {
							"vector": [0, 0, -12.5]
						},
						"0.6667": {
							"vector": [0, 0, 0]
						}
					}
				},
				"LeftArm": {
					"rotation": {
						"0.0": {
							"vector": [14.13272, 5.07855, -19.37006]
						},
						"0.1667": {
							"vector": [-154.53345, 35.5834, -46.83695]
						},
						"0.5": {
							"vector": [-154.53345, 35.5834, -46.83695]
						},
						"0.5833": {
							"vector": [-159.53345, 35.5834, -46.83695]
						},
						"0.6667": {
							"vector": [-154.53345, 35.5834, -46.83695]
						},
						"0.8333": {
							"vector": [-154.53345, 35.5834, -46.83695]
						}
					},
					"position": {
						"0.0": {
							"vector": [0, 2, 0]
						},
						"0.1667": {
							"vector": [-3, -5.75, -7]
						},
						"0.5": {
							"vector": [-3, -5.75, -7]
						},
						"0.6667": {
							"vector": [-3, -5.75, -7]
						},
						"0.8333": {
							"vector": [-3, -5.75, -7]
						}
					}
				},
				"RightArm": {
					"rotation": {
						"0.0": {
							"vector": [-147.7503, 2.57944, -14.77991]
						},
						"0.1667": {
							"vector": [-125.81664, -9.56851, -2.59806]
						},
						"0.5": {
							"vector": [-125.81664, -9.56851, -2.59806]
						},
						"0.5833": {
							"vector": [-130.81664, -9.56851, -2.59806]
						},
						"0.6667": {
							"vector": [-125.81664, -9.56851, -2.59806]
						},
						"0.8333": {
							"vector": [-125.81664, -9.56851, -2.59806]
						}
					},
					"position": {
						"0.0": {
							"vector": [0, 4, 0]
						},
						"0.1667": {
							"vector": [1, 5, -5]
						},
						"0.5": {
							"vector": [1, 5, -5]
						},
						"0.6667": {
							"vector": [1, 5, -5]
						},
						"0.8333": {
							"vector": [1, 5, -5]
						}
					}
				},
				"bone13": {
					"rotation": {
						"0.0": {
							"vector": [0, 0, 80]
						},
						"0.3333": {
							"vector": [0, 0, -2.5]
						},
						"0.5": {
							"vector": [0, 0, -2.5]
						},
						"0.5833": {
							"vector": [-83.9037, 34.84748, 21.8256]
						},
						"0.6667": {
							"vector": [0, 0, -2.5]
						}
					},
					"position": {
						"0.5": {
							"vector": [0, 0, 0]
						},
						"0.5833": {
							"vector": [-3, 0, -4]
						},
						"0.6667": {
							"vector": [0, 0, 0]
						}
					}
				},
				"bone15": {
					"rotation": {
						"0.0": {
							"vector": [85, 0, 0]
						},
						"0.3333": {
							"vector": [5, 0, 0]
						},
						"0.5": {
							"vector": [5, 0, 0]
						},
						"0.5833": {
							"vector": [110.83, 0, 0]
						},
						"0.6667": {
							"vector": [5, 0, 0]
						}
					},
					"position": {
						"0.0": {
							"vector": [0, 1, 2]
						},
						"0.5": {
							"vector": [0, 1, 2]
						},
						"0.5833": {
							"vector": [0, 1, 5]
						},
						"0.6667": {
							"vector": [0, 1, 2]
						}
					}
				},
				"bone14": {
					"rotation": {
						"0.0": {
							"vector": [0, 0, -67.5]
						},
						"0.3333": {
							"vector": [0, 0, 10]
						},
						"0.5": {
							"vector": [0, 0, 10]
						},
						"0.5833": {
							"vector": [-37.5, 0, -115.83]
						},
						"0.6667": {
							"vector": [0, 0, 10]
						}
					},
					"position": {
						"0.5": {
							"vector": [0, 0, 0]
						},
						"0.5833": {
							"vector": [-1, -3, 0]
						},
						"0.6667": {
							"vector": [0, 0, 0]
						}
					}
				},
				"Hand": {
					"rotation": {
						"0.3333": {
							"vector": [0, 0, 0]
						},
						"0.4167": {
							"vector": [0, -55, 0]
						},
						"0.5": {
							"vector": [0, 0, 0]
						}
					},
					"position": {
						"vector": [0, 0, 0]
					}
				},
				"bone16": {
					"rotation": {
						"vector": [-27.5, 0, 0]
					}
				},
				"bone17": {
					"rotation": {
						"vector": [-65, 0, 0]
					}
				},
				"bone8": {
					"rotation": {
						"vector": [90, 0, 0]
					}
				},
				"bone10": {
					"rotation": {
						"0.5833": {
							"vector": [0, 0, 0]
						},
						"0.75": {
							"vector": [0, 0, 0]
						}
					}
				},
				"bone2": {
					"rotation": {
						"0.5833": {
							"vector": [0, 0, 0]
						},
						"0.6667": {
							"vector": [-22.5, 0, 0]
						},
						"0.75": {
							"vector": [0, 0, 0]
						}
					}
				},
				"bone18": {
					"rotation": {
						"vector": [-42.5, 0, 0]
					}
				},
				"bone9": {
					"rotation": {
						"vector": [80, 0, 0]
					}
				},
				"LeftFoot": {
					"position": {
						"vector": [-1, 0, 0]
					}
				},
				"RightFoot": {
					"rotation": {
						"0.0": {
							"vector": [-8.30696, 9.30727, 20.57639]
						},
						"0.1667": {
							"vector": [0, 0, 0]
						}
					},
					"position": {
						"0.0": {
							"vector": [0, 2, 0]
						},
						"0.1667": {
							"vector": [0, 0, 0]
						}
					}
				}
			}
		},
		"animation.bastion_horde_chief.idle": {
			"loop": true,
			"animation_length": 0.95833,
			"bones": {
				"face": {
					"rotation": {
						"0.0": {
							"vector": [-35, 0, 0]
						},
						"0.5": {
							"vector": [-27.5, 0, 0]
						},
						"0.9583": {
							"vector": [-35, 0, 0]
						}
					},
					"scale": {
						"vector": [1.2, 1.2, 1.2]
					}
				},
				"body": {
					"rotation": {
						"0.0": {
							"vector": [32.5, 0, 0]
						},
						"0.5": {
							"vector": [30, 0, 0]
						},
						"0.9583": {
							"vector": [32.5, 0, 0]
						}
					},
					"position": {
						"vector": [0, -2, -10]
					}
				},
				"LeftArm": {
					"rotation": {
						"vector": [-32.40109, 2.68407, 4.22005]
					},
					"position": {
						"vector": [0, 3, -6]
					}
				},
				"RightArm": {
					"rotation": {
						"vector": [-32.5, 0, 0]
					},
					"position": {
						"vector": [0, 6, -9]
					}
				},
				"bone13": {
					"rotation": {
						"vector": [0, 0, 92.5]
					}
				},
				"bone15": {
					"rotation": {
						"vector": [102.5, 0, 0]
					},
					"position": {
						"vector": [0, 0, 5]
					}
				},
				"bone14": {
					"rotation": {
						"vector": [0, 0, -92.5]
					}
				},