{
	"format_version": "1.8.0",
	"animations": {
		"animation.end_tadpole.swimming": {
			"loop": true,
			"animation_length": 0.5,
			"bones": {
				"body": {
					"rotation": {
						"0.0": {
							"vector": [17.5, 0, 0]
						},
						"0.0833": {
							"vector": [11.67, 0, 0]
						},
						"0.1667": {
							"vector": [-27.91, 0, 0]
						},
						"0.25": {
							"vector": [-55.31, 0, 0]
						},
						"0.3333": {
							"vector": [-27.81, 0, 0]
						},
						"0.4167": {
							"vector": [-10.31, 0, 0]
						},
						"0.5": {
							"vector": [17.5, 0, 0]
						}
					}
				},
				"tail": {
					"rotation": {
						"0.0": {
							"vector": [-18.84887, -5.84416, -5.10515]
						},
						"0.0833": {
							"vector": [0, 0, 0]
						},
						"0.1667": {
							"vector": [-18.18064, -10.5288, 1.04461]
						},
						"0.25": {
							"vector": [-35.93866, 12.2403, -8.73739]
						},
						"0.3333": {
							"vector": [-31.92817, -15.64764, 4.59964]
						},
						"0.4167": {
							"vector": [-25.185, 11.63805, -11.59684]
						},
						"0.5": {
							"vector": [-18.84887, -5.84416, -5.10515]
						}
					}
				},
				"end_tadpole": {
					"rotation": {
						"0.0": {
							"vector": [-27.5, 0, 0]
						},
						"0.25": {
							"vector": [47.5, 0, 0]
						},
						"0.5": {
							"vector": [-27.5, 0, 0]
						}
					}
				}
			}
		}
	},
	"geckolib_format_version": 2
}